INSERT INTO `attendance`.`teacher` (`Teacher_id`, `First_name`, `Middle_name`, `Last_name`, `Password`) VALUES ('1CS01', 'Soumya', NULL, 'A', '$5$rounds=535000$o.issbCKYcW4Ckbr$COKq7DexlZgvd5ukeSKOPG.NIMJe356YeGHUuJY98z1');
INSERT INTO `attendance`.`teacher` (`Teacher_id`, `First_name`, `Middle_name`, `Last_name`, `Password`) VALUES ('1CS02', 'Soumya', NULL, 'Rani', '$5$rounds=535000$YOlVTaFURLOUZCs.$cPuBrZtZokDJ3ap2IQe0l2bertoDoM./Fva3Twhz7f8');
INSERT INTO `attendance`.`teacher` (`Teacher_id`, `First_name`, `Middle_name`, `Last_name`, `Password`) VALUES ('1CS03', 'Veena', NULL, 'Gadad', '$5$rounds=535000$ZEqfDBITSbFEjRRk$BFuM.AjEx7GncoLWwjIpwlrBOUBzpblC5IkyCIwZ0g7');
INSERT INTO `attendance`.`teacher` (`Teacher_id`, `First_name`, `Middle_name`, `Last_name`, `Password`) VALUES ('1CS04', 'Srividhya', NULL, 'S', '$5$rounds=535000$YzPVs9ay8qhU261e$gUQitf.POVpHIFvoUnre1Wxm70jKo5dhX1YnYSpx1d5');
INSERT INTO `attendance`.`teacher` (`Teacher_id`, `First_name`, `Middle_name`, `Last_name`, `Password`) VALUES ('1CS05', 'Kowcika', NULL, 'A', '$5$rounds=535000$NHW5yyhMaNgIlyy4$QlsspDyLBerouA48vrEmYZ5LbSV9cPUIM5tC5tWwna8');
INSERT INTO `attendance`.`teacher` (`Teacher_id`, `First_name`, `Middle_name`, `Last_name`, `Password`) VALUES ('1CS06', 'Hemavathy', NULL, 'R', '$5$rounds=535000$4YyaMWnd.s.cZZTn$3Og50Ut3h0WOEqpXOGbI1b2IeQ9nxaLoinLMZj4/sy.');
INSERT INTO `attendance`.`teacher` (`Teacher_id`, `First_name`, `Middle_name`, `Last_name`, `Password`) VALUES ('1CS07', 'Manas', NULL, 'M N', '$5$rounds=535000$hg2fSw1Akw2HWnMq$OGG5D9DAF/A0Ox8Xca6oj.wIEyHo0T57Zu4U60eKiB8');
INSERT INTO `attendance`.`teacher` (`Teacher_id`, `First_name`, `Middle_name`, `Last_name`, `Password`) VALUES ('1CS08', 'Praveena', NULL, 'T', '$5$rounds=535000$Z0YQTPwktqUaNw/8$dr5Xa0czkdjFkXUKPbTmTmbHZdF7YMycG8uX4KMNOv/');
INSERT INTO `attendance`.`teacher` (`Teacher_id`, `First_name`, `Middle_name`, `Last_name`, `Password`) VALUES ('1CS09', 'Sharadadevi', 'S', 'Kaganurmath', '$5$rounds=535000$KzbRm4DMfBdnudsQ$u2l2xgerjO554qKrVN8MdIPuzs1SD8ydSC2c4str1vA');

INSERT INTO `attendance`.`subject` (`Subject_code`, `Subject_Name`, `LB_AS`, `Is_elective`, `Semester`) VALUES ('12CS32', 'Computer Organization and Architecture', '1', '0', '3');
INSERT INTO `attendance`.`subject` (`Subject_code`, `Subject_Name`, `LB_AS`, `Is_elective`, `Semester`) VALUES ('12CS52', 'Computer Networks-I', '1', '0', '5');
INSERT INTO `attendance`.`subject` (`Subject_code`, `Subject_Name`, `LB_AS`, `Is_elective`, `Semester`) VALUES ('12CS53', 'Microprocessor & Microcontroller', '0', '0', '5');
INSERT INTO `attendance`.`subject` (`Subject_code`, `Subject_Name`, `LB_AS`, `Is_elective`, `Semester`) VALUES ('12CS54', 'Database Management System', '0', '0', '5');
INSERT INTO `attendance`.`subject` (`Subject_code`, `Subject_Name`, `LB_AS`, `Is_elective`, `Semester`) VALUES ('12CS5A1', 'System Simulation & Modeling', '2', '1', '5');
INSERT INTO `attendance`.`subject` (`Subject_code`, `Subject_Name`, `LB_AS`, `Is_elective`, `Semester`) VALUES ('12CS5A2', 'Probability & Statistics', '2', '1', '5');
INSERT INTO `attendance`.`subject` (`Subject_code`, `Subject_Name`, `LB_AS`, `Is_elective`, `Semester`) VALUES ('12CS5A3', 'Object Oriented Analysis & Design', '2', '1', '5');
INSERT INTO `attendance`.`subject` (`Subject_code`, `Subject_Name`, `LB_AS`, `Is_elective`, `Semester`) VALUES ('12CS5A4', 'Introduction to Machine Learning', '1', '1', '5');
INSERT INTO `attendance`.`subject` (`Subject_code`, `Subject_Name`, `LB_AS`, `Is_elective`, `Semester`) VALUES ('12CS5A5', 'Distributed Operating System', '2', '1', '5');
INSERT INTO `attendance`.`subject` (`Subject_code`, `Subject_Name`, `LB_AS`, `Is_elective`, `Semester`) VALUES ('12CS5A6', 'Artificial Intelligence', '2', '1', '5');
INSERT INTO `attendance`.`subject` (`Subject_code`, `Subject_Name`, `LB_AS`, `Is_elective`, `Semester`) VALUES ('12CS5A7', 'Grapgh Theory', '2', '1', '5');
INSERT INTO `attendance`.`subject` (`Subject_code`, `Subject_Name`, `LB_AS`, `Is_elective`, `Semester`) VALUES ('12CS5B1', 'Java & JEE', '2', '1', '5');
INSERT INTO `attendance`.`subject` (`Subject_code`, `Subject_Name`, `LB_AS`, `Is_elective`, `Semester`) VALUES ('12CS5B2', 'Introduction to mainframes', '2', '1', '5');
INSERT INTO `attendance`.`subject` (`Subject_code`, `Subject_Name`, `LB_AS`, `Is_elective`, `Semester`) VALUES ('12CS5B3', 'Middleware Technologies', '2', '1', '5');
INSERT INTO `attendance`.`subject` (`Subject_code`, `Subject_Name`, `LB_AS`, `Is_elective`, `Semester`) VALUES ('12CS5B4', 'Advanced Algorithms', '2', '1', '5');
INSERT INTO `attendance`.`subject` (`Subject_code`, `Subject_Name`, `LB_AS`, `Is_elective`, `Semester`) VALUES ('12CS5B5', 'Fundamentals of Computer Vision', '2', '1', '5');
INSERT INTO `attendance`.`subject` (`Subject_code`, `Subject_Name`, `LB_AS`, `Is_elective`, `Semester`) VALUES ('12CS5B6', 'Multimedia Computing', '2', '1', '5');
INSERT INTO `attendance`.`subject` (`Subject_code`, `Subject_Name`, `LB_AS`, `Is_elective`, `Semester`) VALUES ('12CS5B7', 'Distributed Systems', '2', '1', '5');
INSERT INTO `attendance`.`subject` (`Subject_code`, `Subject_Name`, `LB_AS`, `Is_elective`, `Semester`) VALUES ('12HSI51', 'Intellectual Property Rights & Entrepreneurship', '2', '0', '5');

INSERT INTO `attendance`.`classroom` (`Semester`, `Section_elective`) VALUES ('3', 'A');
INSERT INTO `attendance`.`classroom` (`Semester`, `Section_elective`) VALUES ('5', 'A');
INSERT INTO `attendance`.`classroom` (`Semester`, `Section_elective`) VALUES ('5', 'B');
INSERT INTO `attendance`.`classroom` (`Semester`, `Section_elective`) VALUES ('5', 'C');
INSERT INTO `attendance`.`classroom` (`Semester`, `Section_elective`) VALUES ('5', 'D');
INSERT INTO `attendance`.`classroom` (`Semester`, `Section_elective`) VALUES ('5', 'EA41');
INSERT INTO `attendance`.`classroom` (`Semester`, `Section_elective`) VALUES ('5', 'EB51');
INSERT INTO `attendance`.`classroom` (`Semester`, `Section_elective`) VALUES ('5', 'EB41');

INSERT INTO `attendance`.`student` (`USN`, `First_name`, `Middle_name`, `Last_name`, `Password`, `Semester`, `Section`, `Counselor`) VALUES ('1RV15CS002', 'Aakanksha', NULL, 'Ashok', '$5$rounds=535000$J.SoljtHZNmKX277$H4jEonluuTqk8sC84di.8JN2dOOddBrQqitGaWXeAR0', '5', 'A', '1CS02');
INSERT INTO `attendance`.`student` (`USN`, `First_name`, `Middle_name`, `Last_name`, `Password`, `Semester`, `Section`, `Counselor`) VALUES ('1RV15CS162', 'Srinivas', NULL, 'S T', '$5$rounds=535000$AuUc/sjwGqotRKSO$xdrCwTr1PJoahxVuKCrWYBNZhyoq6qrBmRak.4YsPJ5', '5', 'D', '1CS01');
INSERT INTO `attendance`.`student` (`USN`, `First_name`, `Middle_name`, `Last_name`, `Password`, `Semester`, `Section`, `Counselor`) VALUES ('1RV15CS168', 'Suraj', 'R', 'Naik', '$5$rounds=535000$WSWdB56QJLxIYcpU$GTndgR2fhySob8bMZQF8QQxbk9U0HTgV6wf.rGfk6O1', '5', 'D', '1CS01');
INSERT INTO `attendance`.`student` (`USN`, `First_name`, `Middle_name`, `Last_name`, `Password`, `Semester`, `Section`, `Counselor`) VALUES ('1RV16CS001', 'French ', NULL, 'Montana', '$5$rounds=535000$sIwI5VQ6UghwTU03$2Yj8a7oUR3B8HuQykjqieglpaB/jJZi3gzZJZS7RQ6D', '3', 'A', '1CS02');

INSERT INTO `attendance`.`completed_classes` (`Teacher_id`, `Date_time`, `Semester`, `Section_elective`, `Subject_Subject_code`) VALUES ('1CS02', '2017-10-16 12:30:00', '5', 'D', '12CS54');
INSERT INTO `attendance`.`completed_classes` (`Teacher_id`, `Date_time`, `Semester`, `Section_elective`, `Subject_Subject_code`) VALUES ('1CS02', '2017-10-18 14:45:00', '5', 'D', '12CS54');
INSERT INTO `attendance`.`completed_classes` (`Teacher_id`, `Date_time`, `Semester`, `Section_elective`, `Subject_Subject_code`) VALUES ('1CS02', '2017-10-18 15:45:00', '5', 'D', '12CS54');
INSERT INTO `attendance`.`completed_classes` (`Teacher_id`, `Date_time`, `Semester`, `Section_elective`, `Subject_Subject_code`) VALUES ('1CS02', '2017-10-20 09:00:00', '5', 'D', '12CS54');
INSERT INTO `attendance`.`completed_classes` (`Teacher_id`, `Date_time`, `Semester`, `Section_elective`, `Subject_Subject_code`) VALUES ('1CS03', '2017-10-16 10:00:00', '5', 'D', '12CS52');
INSERT INTO `attendance`.`completed_classes` (`Teacher_id`, `Date_time`, `Semester`, `Section_elective`, `Subject_Subject_code`) VALUES ('1CS03', '2017-10-17 11:30:00', '5', 'D', '12CS52');
INSERT INTO `attendance`.`completed_classes` (`Teacher_id`, `Date_time`, `Semester`, `Section_elective`, `Subject_Subject_code`) VALUES ('1CS03', '2017-10-19 14:45:00', '5', 'D', '12CS52');
INSERT INTO `attendance`.`completed_classes` (`Teacher_id`, `Date_time`, `Semester`, `Section_elective`, `Subject_Subject_code`) VALUES ('1CS03', '2017-10-20 10:00:00', '5', 'D', '12CS52');
INSERT INTO `attendance`.`completed_classes` (`Teacher_id`, `Date_time`, `Semester`, `Section_elective`, `Subject_Subject_code`) VALUES ('1CS04', '2017-10-16 09:00:00', '5', 'D', '12CS53');
INSERT INTO `attendance`.`completed_classes` (`Teacher_id`, `Date_time`, `Semester`, `Section_elective`, `Subject_Subject_code`) VALUES ('1CS04', '2017-10-16 11:30:00', '5', 'D', '12CS53');
INSERT INTO `attendance`.`completed_classes` (`Teacher_id`, `Date_time`, `Semester`, `Section_elective`, `Subject_Subject_code`) VALUES ('1CS04', '2017-10-17 12:30:00', '5', 'D', '12CS53');
INSERT INTO `attendance`.`completed_classes` (`Teacher_id`, `Date_time`, `Semester`, `Section_elective`, `Subject_Subject_code`) VALUES ('1CS04', '2017-10-19 09:00:00', '5', 'D', '12CS53');
INSERT INTO `attendance`.`completed_classes` (`Teacher_id`, `Date_time`, `Semester`, `Section_elective`, `Subject_Subject_code`) VALUES ('1CS05', '2017-10-17 10:00:00', '5', 'EA41', '12CS5A4');
INSERT INTO `attendance`.`completed_classes` (`Teacher_id`, `Date_time`, `Semester`, `Section_elective`, `Subject_Subject_code`) VALUES ('1CS05', '2017-10-19 10:00:00', '5', 'EA41', '12CS5A4');
INSERT INTO `attendance`.`completed_classes` (`Teacher_id`, `Date_time`, `Semester`, `Section_elective`, `Subject_Subject_code`) VALUES ('1CS05', '2017-10-20 12:30:00', '5', 'EA41', '12CS5A4');
INSERT INTO `attendance`.`completed_classes` (`Teacher_id`, `Date_time`, `Semester`, `Section_elective`, `Subject_Subject_code`) VALUES ('1CS06', '2017-10-16 14:15:00', '5', 'EB51', '12CS5B5');
INSERT INTO `attendance`.`completed_classes` (`Teacher_id`, `Date_time`, `Semester`, `Section_elective`, `Subject_Subject_code`) VALUES ('1CS06', '2017-10-16 15:15:00', '5', 'EB51', '12CS5B5');
INSERT INTO `attendance`.`completed_classes` (`Teacher_id`, `Date_time`, `Semester`, `Section_elective`, `Subject_Subject_code`) VALUES ('1CS06', '2017-10-18 10:00:00', '5', 'EB51', '12CS5B5');
INSERT INTO `attendance`.`completed_classes` (`Teacher_id`, `Date_time`, `Semester`, `Section_elective`, `Subject_Subject_code`) VALUES ('1CS06', '2017-10-20 11:30:00', '5', 'EB51', '12CS5B5');
INSERT INTO `attendance`.`completed_classes` (`Teacher_id`, `Date_time`, `Semester`, `Section_elective`, `Subject_Subject_code`) VALUES ('1CS07', '2017-10-17 09:00:00', '5', 'D', '12HSI51');
INSERT INTO `attendance`.`completed_classes` (`Teacher_id`, `Date_time`, `Semester`, `Section_elective`, `Subject_Subject_code`) VALUES ('1CS07', '2017-10-18 09:00:00', '5', 'D', '12HSI51');
INSERT INTO `attendance`.`completed_classes` (`Teacher_id`, `Date_time`, `Semester`, `Section_elective`, `Subject_Subject_code`) VALUES ('1CS07', '2017-10-19 15:45:00', '5', 'D', '12HSI51');
INSERT INTO `attendance`.`completed_classes` (`Teacher_id`, `Date_time`, `Semester`, `Section_elective`, `Subject_Subject_code`) VALUES ('1CS08', '2017-10-16 10:00:00', '5', 'A', '12CS52');
INSERT INTO `attendance`.`completed_classes` (`Teacher_id`, `Date_time`, `Semester`, `Section_elective`, `Subject_Subject_code`) VALUES ('1CS08', '2017-10-17 11:30:00', '5', 'A', '12CS52');
INSERT INTO `attendance`.`completed_classes` (`Teacher_id`, `Date_time`, `Semester`, `Section_elective`, `Subject_Subject_code`) VALUES ('1CS08', '2017-10-19 14:45:00', '5', 'A', '12CS52');
INSERT INTO `attendance`.`completed_classes` (`Teacher_id`, `Date_time`, `Semester`, `Section_elective`, `Subject_Subject_code`) VALUES ('1CS08', '2017-10-20 10:00:00', '5', 'A', '12CS52');
INSERT INTO `attendance`.`completed_classes` (`Teacher_id`, `Date_time`, `Semester`, `Section_elective`, `Subject_Subject_code`) VALUES ('1CS09', '2017-10-16 09:00:00', '5', 'A', '12CS53');
INSERT INTO `attendance`.`completed_classes` (`Teacher_id`, `Date_time`, `Semester`, `Section_elective`, `Subject_Subject_code`) VALUES ('1CS09', '2017-10-16 11:30:00', '5', 'A', '12CS53');
INSERT INTO `attendance`.`completed_classes` (`Teacher_id`, `Date_time`, `Semester`, `Section_elective`, `Subject_Subject_code`) VALUES ('1CS09', '2017-10-17 12:30:00', '5', 'A', '12CS53');
INSERT INTO `attendance`.`completed_classes` (`Teacher_id`, `Date_time`, `Semester`, `Section_elective`, `Subject_Subject_code`) VALUES ('1CS09', '2017-10-19 09:00:00', '5', 'A', '12CS53');
INSERT INTO `attendance`.`completed_classes` (`Teacher_id`, `Date_time`, `Semester`, `Section_elective`, `Subject_Subject_code`) VALUES ('1CS02', '2017-10-16 09:00:00', '3', 'A', '12CS32');
INSERT INTO `attendance`.`completed_classes` (`Teacher_id`, `Date_time`, `Semester`, `Section_elective`, `Subject_Subject_code`) VALUES ('1CS02', '2017-10-17 09:00:00', '3', 'A', '12CS32');

INSERT INTO `attendance`.`attendance` (`USN`, `Teacher_id`, `Date_time`) VALUES ('1RV15CS162', '1CS02', '2017-10-16 12:30:00');
INSERT INTO `attendance`.`attendance` (`USN`, `Teacher_id`, `Date_time`) VALUES ('1RV15CS168', '1CS02', '2017-10-16 12:30:00');
INSERT INTO `attendance`.`attendance` (`USN`, `Teacher_id`, `Date_time`) VALUES ('1RV15CS162', '1CS02', '2017-10-18 14:45:00');
INSERT INTO `attendance`.`attendance` (`USN`, `Teacher_id`, `Date_time`) VALUES ('1RV15CS168', '1CS02', '2017-10-18 14:45:00');
INSERT INTO `attendance`.`attendance` (`USN`, `Teacher_id`, `Date_time`) VALUES ('1RV15CS162', '1CS02', '2017-10-18 15:45:00');
INSERT INTO `attendance`.`attendance` (`USN`, `Teacher_id`, `Date_time`) VALUES ('1RV15CS168', '1CS02', '2017-10-18 15:45:00');
INSERT INTO `attendance`.`attendance` (`USN`, `Teacher_id`, `Date_time`) VALUES ('1RV15CS162', '1CS02', '2017-10-20 09:00:00');
INSERT INTO `attendance`.`attendance` (`USN`, `Teacher_id`, `Date_time`) VALUES ('1RV15CS162', '1CS03', '2017-10-16 10:00:00');
INSERT INTO `attendance`.`attendance` (`USN`, `Teacher_id`, `Date_time`) VALUES ('1RV15CS168', '1CS03', '2017-10-16 10:00:00');
INSERT INTO `attendance`.`attendance` (`USN`, `Teacher_id`, `Date_time`) VALUES ('1RV15CS162', '1CS03', '2017-10-17 11:30:00');
INSERT INTO `attendance`.`attendance` (`USN`, `Teacher_id`, `Date_time`) VALUES ('1RV15CS168', '1CS03', '2017-10-17 11:30:00');
INSERT INTO `attendance`.`attendance` (`USN`, `Teacher_id`, `Date_time`) VALUES ('1RV15CS162', '1CS03', '2017-10-19 14:45:00');
INSERT INTO `attendance`.`attendance` (`USN`, `Teacher_id`, `Date_time`) VALUES ('1RV15CS168', '1CS03', '2017-10-19 14:45:00');
INSERT INTO `attendance`.`attendance` (`USN`, `Teacher_id`, `Date_time`) VALUES ('1RV15CS162', '1CS03', '2017-10-20 10:00:00');
INSERT INTO `attendance`.`attendance` (`USN`, `Teacher_id`, `Date_time`) VALUES ('1RV15CS168', '1CS03', '2017-10-20 10:00:00');
INSERT INTO `attendance`.`attendance` (`USN`, `Teacher_id`, `Date_time`) VALUES ('1RV15CS162', '1CS04', '2017-10-16 09:00:00');
INSERT INTO `attendance`.`attendance` (`USN`, `Teacher_id`, `Date_time`) VALUES ('1RV15CS162', '1CS04', '2017-10-16 11:30:00');
INSERT INTO `attendance`.`attendance` (`USN`, `Teacher_id`, `Date_time`) VALUES ('1RV15CS168', '1CS04', '2017-10-16 11:30:00');
INSERT INTO `attendance`.`attendance` (`USN`, `Teacher_id`, `Date_time`) VALUES ('1RV15CS162', '1CS04', '2017-10-17 12:30:00');
INSERT INTO `attendance`.`attendance` (`USN`, `Teacher_id`, `Date_time`) VALUES ('1RV15CS168', '1CS04', '2017-10-17 12:30:00');
INSERT INTO `attendance`.`attendance` (`USN`, `Teacher_id`, `Date_time`) VALUES ('1RV15CS002', '1CS04', '2017-10-19 09:00:00');
INSERT INTO `attendance`.`attendance` (`USN`, `Teacher_id`, `Date_time`) VALUES ('1RV15CS162', '1CS04', '2017-10-19 09:00:00');
INSERT INTO `attendance`.`attendance` (`USN`, `Teacher_id`, `Date_time`) VALUES ('1RV15CS162', '1CS05', '2017-10-17 10:00:00');
INSERT INTO `attendance`.`attendance` (`USN`, `Teacher_id`, `Date_time`) VALUES ('1RV15CS168', '1CS05', '2017-10-17 10:00:00');
INSERT INTO `attendance`.`attendance` (`USN`, `Teacher_id`, `Date_time`) VALUES ('1RV15CS162', '1CS05', '2017-10-19 10:00:00');
INSERT INTO `attendance`.`attendance` (`USN`, `Teacher_id`, `Date_time`) VALUES ('1RV15CS168', '1CS05', '2017-10-19 10:00:00');
INSERT INTO `attendance`.`attendance` (`USN`, `Teacher_id`, `Date_time`) VALUES ('1RV15CS168', '1CS05', '2017-10-20 12:30:00');
INSERT INTO `attendance`.`attendance` (`USN`, `Teacher_id`, `Date_time`) VALUES ('1RV15CS162', '1CS06', '2017-10-16 14:15:00');
INSERT INTO `attendance`.`attendance` (`USN`, `Teacher_id`, `Date_time`) VALUES ('1RV15CS168', '1CS06', '2017-10-16 14:15:00');
INSERT INTO `attendance`.`attendance` (`USN`, `Teacher_id`, `Date_time`) VALUES ('1RV15CS162', '1CS06', '2017-10-16 15:15:00');
INSERT INTO `attendance`.`attendance` (`USN`, `Teacher_id`, `Date_time`) VALUES ('1RV15CS168', '1CS06', '2017-10-16 15:15:00');
INSERT INTO `attendance`.`attendance` (`USN`, `Teacher_id`, `Date_time`) VALUES ('1RV15CS162', '1CS06', '2017-10-18 10:00:00');
INSERT INTO `attendance`.`attendance` (`USN`, `Teacher_id`, `Date_time`) VALUES ('1RV15CS168', '1CS06', '2017-10-18 10:00:00');
INSERT INTO `attendance`.`attendance` (`USN`, `Teacher_id`, `Date_time`) VALUES ('1RV15CS168', '1CS06', '2017-10-20 11:30:00');
INSERT INTO `attendance`.`attendance` (`USN`, `Teacher_id`, `Date_time`) VALUES ('1RV15CS162', '1CS07', '2017-10-18 09:00:00');
INSERT INTO `attendance`.`attendance` (`USN`, `Teacher_id`, `Date_time`) VALUES ('1RV15CS162', '1CS07', '2017-10-19 15:45:00');
INSERT INTO `attendance`.`attendance` (`USN`, `Teacher_id`, `Date_time`) VALUES ('1RV15CS168', '1CS07', '2017-10-19 15:45:00');
INSERT INTO `attendance`.`attendance` (`USN`, `Teacher_id`, `Date_time`) VALUES ('1RV15CS002', '1CS08', '2017-10-16 10:00:00');
INSERT INTO `attendance`.`attendance` (`USN`, `Teacher_id`, `Date_time`) VALUES ('1RV15CS002', '1CS08', '2017-10-17 11:30:00');
INSERT INTO `attendance`.`attendance` (`USN`, `Teacher_id`, `Date_time`) VALUES ('1RV15CS002', '1CS08', '2017-10-19 14:45:00');
INSERT INTO `attendance`.`attendance` (`USN`, `Teacher_id`, `Date_time`) VALUES ('1RV15CS002', '1CS09', '2017-10-16 09:00:00');
INSERT INTO `attendance`.`attendance` (`USN`, `Teacher_id`, `Date_time`) VALUES ('1RV15CS002', '1CS09', '2017-10-16 11:30:00');
INSERT INTO `attendance`.`attendance` (`USN`, `Teacher_id`, `Date_time`) VALUES ('1RV15CS002', '1CS09', '2017-10-17 12:30:00');
INSERT INTO `attendance`.`attendance` (`USN`, `Teacher_id`, `Date_time`) VALUES ('1RV16CS001', '1CS02', '2017-10-16 09:00:00');

INSERT INTO `attendance`.`elective` (`Student_USN`, `Subject_Subject_code`, `Classroom_Semester`, `Classroom_Section_elective`) VALUES ('1RV15CS162', '12CS5A4', '5', 'EA41');
INSERT INTO `attendance`.`elective` (`Student_USN`, `Subject_Subject_code`, `Classroom_Semester`, `Classroom_Section_elective`) VALUES ('1RV15CS168', '12CS5A4', '5', 'EA41');
INSERT INTO `attendance`.`elective` (`Student_USN`, `Subject_Subject_code`, `Classroom_Semester`, `Classroom_Section_elective`) VALUES ('1RV15CS162', '12CS5B5', '5', 'EB51');
INSERT INTO `attendance`.`elective` (`Student_USN`, `Subject_Subject_code`, `Classroom_Semester`, `Classroom_Section_elective`) VALUES ('1RV15CS168', '12CS5B5', '5', 'EB51');
INSERT INTO `attendance`.`elective` (`Student_USN`, `Subject_Subject_code`, `Classroom_Semester`, `Classroom_Section_elective`) VALUES ('1RV15CS002', '12CS5A4', '5', 'EA41');
INSERT INTO `attendance`.`elective` (`Student_USN`, `Subject_Subject_code`, `Classroom_Semester`, `Classroom_Section_elective`) VALUES ('1RV15CS002', '12CS5B4', '5', 'EB41');

INSERT INTO `attendance`.`schedule` (`Classroom_Semester`, `Classroom_Section_elective`, `Date_time`, `Subject_Subject_code`, `Teacher_Teacher_id`, `Week`) VALUES ('5', 'A', '09:00:00', '12CS53', '1CS09', '1');
INSERT INTO `attendance`.`schedule` (`Classroom_Semester`, `Classroom_Section_elective`, `Date_time`, `Subject_Subject_code`, `Teacher_Teacher_id`, `Week`) VALUES ('5', 'A', '10:00:00', '12CS52', '1CS08', '1');
INSERT INTO `attendance`.`schedule` (`Classroom_Semester`, `Classroom_Section_elective`, `Date_time`, `Subject_Subject_code`, `Teacher_Teacher_id`, `Week`) VALUES ('5', 'A', '11:30:00', '12CS53', '1CS09', '1');
INSERT INTO `attendance`.`schedule` (`Classroom_Semester`, `Classroom_Section_elective`, `Date_time`, `Subject_Subject_code`, `Teacher_Teacher_id`, `Week`) VALUES ('5', 'A', '11:30:00', '12CS52', '1CS08', '2');
INSERT INTO `attendance`.`schedule` (`Classroom_Semester`, `Classroom_Section_elective`, `Date_time`, `Subject_Subject_code`, `Teacher_Teacher_id`, `Week`) VALUES ('5', 'A', '12:30:00', '12CS53', '1CS09', '2');
INSERT INTO `attendance`.`schedule` (`Classroom_Semester`, `Classroom_Section_elective`, `Date_time`, `Subject_Subject_code`, `Teacher_Teacher_id`, `Week`) VALUES ('5', 'A', '09:00:00', '12CS53', '1CS09', '4');
INSERT INTO `attendance`.`schedule` (`Classroom_Semester`, `Classroom_Section_elective`, `Date_time`, `Subject_Subject_code`, `Teacher_Teacher_id`, `Week`) VALUES ('5', 'A', '14:45:00', '12CS52', '1CS08', '4');
INSERT INTO `attendance`.`schedule` (`Classroom_Semester`, `Classroom_Section_elective`, `Date_time`, `Subject_Subject_code`, `Teacher_Teacher_id`, `Week`) VALUES ('5', 'A', '10:00:00', '12CS52', '1CS08', '5');
INSERT INTO `attendance`.`schedule` (`Classroom_Semester`, `Classroom_Section_elective`, `Date_time`, `Subject_Subject_code`, `Teacher_Teacher_id`, `Week`) VALUES ('5', 'D', '09:00:00', '12CS53', '1CS04', '1');
INSERT INTO `attendance`.`schedule` (`Classroom_Semester`, `Classroom_Section_elective`, `Date_time`, `Subject_Subject_code`, `Teacher_Teacher_id`, `Week`) VALUES ('5', 'D', '10:00:00', '12CS52', '1CS03', '1');
INSERT INTO `attendance`.`schedule` (`Classroom_Semester`, `Classroom_Section_elective`, `Date_time`, `Subject_Subject_code`, `Teacher_Teacher_id`, `Week`) VALUES ('5', 'D', '11:30:00', '12CS53', '1CS04', '1');
INSERT INTO `attendance`.`schedule` (`Classroom_Semester`, `Classroom_Section_elective`, `Date_time`, `Subject_Subject_code`, `Teacher_Teacher_id`, `Week`) VALUES ('5', 'D', '12:30:00', '12CS54', '1CS02', '1');
INSERT INTO `attendance`.`schedule` (`Classroom_Semester`, `Classroom_Section_elective`, `Date_time`, `Subject_Subject_code`, `Teacher_Teacher_id`, `Week`) VALUES ('5', 'D', '09:00:00', '12HSI51', '1CS07', '2');
INSERT INTO `attendance`.`schedule` (`Classroom_Semester`, `Classroom_Section_elective`, `Date_time`, `Subject_Subject_code`, `Teacher_Teacher_id`, `Week`) VALUES ('5', 'D', '11:30:00', '12CS52', '1CS03', '2');
INSERT INTO `attendance`.`schedule` (`Classroom_Semester`, `Classroom_Section_elective`, `Date_time`, `Subject_Subject_code`, `Teacher_Teacher_id`, `Week`) VALUES ('5', 'D', '12:30:00', '12CS53', '1CS04', '2');
INSERT INTO `attendance`.`schedule` (`Classroom_Semester`, `Classroom_Section_elective`, `Date_time`, `Subject_Subject_code`, `Teacher_Teacher_id`, `Week`) VALUES ('5', 'D', '09:00:00', '12HSI51', '1CS07', '3');
INSERT INTO `attendance`.`schedule` (`Classroom_Semester`, `Classroom_Section_elective`, `Date_time`, `Subject_Subject_code`, `Teacher_Teacher_id`, `Week`) VALUES ('5', 'D', '14:45:00', '12CS54', '1CS02', '3');
INSERT INTO `attendance`.`schedule` (`Classroom_Semester`, `Classroom_Section_elective`, `Date_time`, `Subject_Subject_code`, `Teacher_Teacher_id`, `Week`) VALUES ('5', 'D', '15:45:00', '12CS54', '1CS02', '3');
INSERT INTO `attendance`.`schedule` (`Classroom_Semester`, `Classroom_Section_elective`, `Date_time`, `Subject_Subject_code`, `Teacher_Teacher_id`, `Week`) VALUES ('5', 'D', '09:00:00', '12CS53', '1CS04', '4');
INSERT INTO `attendance`.`schedule` (`Classroom_Semester`, `Classroom_Section_elective`, `Date_time`, `Subject_Subject_code`, `Teacher_Teacher_id`, `Week`) VALUES ('5', 'D', '14:45:00', '12CS52', '1CS03', '4');
INSERT INTO `attendance`.`schedule` (`Classroom_Semester`, `Classroom_Section_elective`, `Date_time`, `Subject_Subject_code`, `Teacher_Teacher_id`, `Week`) VALUES ('5', 'D', '15:45:00', '12HSI51', '1CS07', '4');
INSERT INTO `attendance`.`schedule` (`Classroom_Semester`, `Classroom_Section_elective`, `Date_time`, `Subject_Subject_code`, `Teacher_Teacher_id`, `Week`) VALUES ('5', 'D', '09:00:00', '12CS54', '1CS02', '5');
INSERT INTO `attendance`.`schedule` (`Classroom_Semester`, `Classroom_Section_elective`, `Date_time`, `Subject_Subject_code`, `Teacher_Teacher_id`, `Week`) VALUES ('5', 'D', '10:00:00', '12CS52', '1CS03', '5');
INSERT INTO `attendance`.`schedule` (`Classroom_Semester`, `Classroom_Section_elective`, `Date_time`, `Subject_Subject_code`, `Teacher_Teacher_id`, `Week`) VALUES ('5', 'EA41', '10:00:00', '12CS5A4', '1CS05', '2');
INSERT INTO `attendance`.`schedule` (`Classroom_Semester`, `Classroom_Section_elective`, `Date_time`, `Subject_Subject_code`, `Teacher_Teacher_id`, `Week`) VALUES ('5', 'EA41', '10:00:00', '12CS5A4', '1CS05', '4');
INSERT INTO `attendance`.`schedule` (`Classroom_Semester`, `Classroom_Section_elective`, `Date_time`, `Subject_Subject_code`, `Teacher_Teacher_id`, `Week`) VALUES ('5', 'EA41', '12:30:00', '12CS5A4', '1CS05', '5');
INSERT INTO `attendance`.`schedule` (`Classroom_Semester`, `Classroom_Section_elective`, `Date_time`, `Subject_Subject_code`, `Teacher_Teacher_id`, `Week`) VALUES ('5', 'EB51', '14:15:00', '12CS5B5', '1CS06', '1');
INSERT INTO `attendance`.`schedule` (`Classroom_Semester`, `Classroom_Section_elective`, `Date_time`, `Subject_Subject_code`, `Teacher_Teacher_id`, `Week`) VALUES ('5', 'EB51', '15:15:00', '12CS5B5', '1CS06', '1');
INSERT INTO `attendance`.`schedule` (`Classroom_Semester`, `Classroom_Section_elective`, `Date_time`, `Subject_Subject_code`, `Teacher_Teacher_id`, `Week`) VALUES ('5', 'EB51', '10:00:00', '12CS5B5', '1CS06', '3');
INSERT INTO `attendance`.`schedule` (`Classroom_Semester`, `Classroom_Section_elective`, `Date_time`, `Subject_Subject_code`, `Teacher_Teacher_id`, `Week`) VALUES ('5', 'EB51', '11:30:00', '12CS5B5', '1CS06', '5');


INSERT INTO `attendance`.`marks` (`Student_USN`, `Subject_Subject_code`, `Test1`, `Test2`, `Test3`, `AS_SS`, `Internal_Lab`) VALUES ('1RV15CS162', '12CS52', '36.5', '34.5', NULL, NULL, NULL);
INSERT INTO `attendance`.`marks` (`Student_USN`, `Subject_Subject_code`, `Test1`, `Test2`, `Test3`, `AS_SS`, `Internal_Lab`) VALUES ('1RV15CS162', '12CS53', NULL, '38', NULL, NULL, NULL);
INSERT INTO `attendance`.`marks` (`Student_USN`, `Subject_Subject_code`, `Test1`, `Test2`, `Test3`, `AS_SS`, `Internal_Lab`) VALUES ('1RV15CS162', '12CS54', '34.5', '28.5', NULL, NULL, NULL);
INSERT INTO `attendance`.`marks` (`Student_USN`, `Subject_Subject_code`, `Test1`, `Test2`, `Test3`, `AS_SS`, `Internal_Lab`) VALUES ('1RV15CS162', '12CS5A4', '31.5', '34.5', NULL, NULL, NULL);
INSERT INTO `attendance`.`marks` (`Student_USN`, `Subject_Subject_code`, `Test1`, `Test2`, `Test3`, `AS_SS`, `Internal_Lab`) VALUES ('1RV15CS162', '12CS5B5', '39.5', NULL, NULL, NULL, NULL);
INSERT INTO `attendance`.`marks` (`Student_USN`, `Subject_Subject_code`, `Test1`, `Test2`, `Test3`, `AS_SS`, `Internal_Lab`) VALUES ('1RV15CS162', '12HSI51', NULL, '27.5', NULL, NULL, NULL);
INSERT INTO `attendance`.`marks` (`Student_USN`, `Subject_Subject_code`, `Test1`, `Test2`, `Test3`, `AS_SS`, `Internal_Lab`) VALUES ('1RV15CS168', '12CS52', '31.5', '34.5', NULL, NULL, NULL);
INSERT INTO `attendance`.`marks` (`Student_USN`, `Subject_Subject_code`, `Test1`, `Test2`, `Test3`, `AS_SS`, `Internal_Lab`) VALUES ('1RV15CS168', '12CS53', NULL, '34', NULL, NULL, NULL);
INSERT INTO `attendance`.`marks` (`Student_USN`, `Subject_Subject_code`, `Test1`, `Test2`, `Test3`, `AS_SS`, `Internal_Lab`) VALUES ('1RV15CS168', '12CS54', NULL, '31', NULL, NULL, NULL);
INSERT INTO `attendance`.`marks` (`Student_USN`, `Subject_Subject_code`, `Test1`, `Test2`, `Test3`, `AS_SS`, `Internal_Lab`) VALUES ('1RV15CS168', '12CS5A4', '28.5', '33', NULL, NULL, NULL);
INSERT INTO `attendance`.`marks` (`Student_USN`, `Subject_Subject_code`, `Test1`, `Test2`, `Test3`, `AS_SS`, `Internal_Lab`) VALUES ('1RV15CS168', '12CS5B5', '36.5', NULL, NULL, NULL, NULL);
INSERT INTO `attendance`.`marks` (`Student_USN`, `Subject_Subject_code`, `Test1`, `Test2`, `Test3`, `AS_SS`, `Internal_Lab`) VALUES ('1RV15CS168', '12HSI51', NULL, '31', NULL, NULL, NULL);